SPN,FMI,Başlık (TR),Alt Sistem,PGN,FMI Tanımı,Öncelik,Saha Adımı
100,1,Motor Yağ Basıncı - Veri geçerli fakat normal çalışma aralığının altında (Kritik Düşük),Motor Yağlama Sistemi (J1939),65263 (EFL_P1),Data Valid But Below Normal Range - Most Severe Level,CRITICAL_STOP,"Sıvı seviyelerini, emiş filtrelerini ve mekanik aşınma belirtilerini kontrol edin."
100,3,Motor Yağ Basıncı - Voltaj normalin üzerinde veya yüksek kaynağa (+5V / +24V) kısa devre,Motor Yağlama Sistemi (J1939),65263 (EFL_P1),"Voltage Above Normal, Or Shorted To High Source",MEDIUM,Sensör soketini ayırın; voltaj şasiye göre düşmüyorsa kablo demeti akü besleme hattına ezilmiştir.
100,4,Motor Yağ Basıncı - Voltaj normalin altında veya şasiye (GND) kısa devre,Motor Yağlama Sistemi (J1939),65263 (EFL_P1),"Voltage Below Normal, Or Shorted To Low Source",MEDIUM,Sinyal pini ile şasi arasındaki direnci ölçün (<1.0 Ω ise tesisatta şasi teması vardır).
110,0,Motor Soğutma Suyu Sıcaklığı - Veri geçerli fakat normal çalışma aralığının üzerinde (Kritik Yüksek),Motor Soğutma & Termal Yönetim,65262 (ET1),Data Valid But Above Normal Range - Most Severe Level,CRITICAL_STOP,Sensör besleme hattını ve fiziksel aşırı basınç/sıcaklık durumunu mekanik test portundan doğrulayın.
110,3,Motor Soğutma Suyu Sıcaklığı - Voltaj normalin üzerinde veya yüksek kaynağa (+5V / +24V) kısa devre,Motor Soğutma & Termal Yönetim,65262 (ET1),"Voltage Above Normal, Or Shorted To High Source",MEDIUM,Sensör soketini ayırın; voltaj şasiye göre düşmüyorsa kablo demeti akü besleme hattına ezilmiştir.
110,4,Motor Soğutma Suyu Sıcaklığı - Voltaj normalin altında veya şasiye (GND) kısa devre,Motor Soğutma & Termal Yönetim,65262 (ET1),"Voltage Below Normal, Or Shorted To Low Source",MEDIUM,Sinyal pini ile şasi arasındaki direnci ölçün (<1.0 Ω ise tesisatta şasi teması vardır).
110,16,Motor Soğutma Suyu Sıcaklığı - Veri normalin üzerinde (Orta Seviye - Derate Başlayabilir),Motor Soğutma & Termal Yönetim,65262 (ET1),Data Valid But Above Normal - Moderate Severity,MEDIUM,Motor tork sınırlandırması (Derate) başlamadan önce ilgili devreyi temizleyin.
190,0,Motor Devri (Krank Hızı) - Veri geçerli fakat normal çalışma aralığının üzerinde (Kritik Yüksek),Motor Zamanlama & Krank Sensörü,61444 (EEC1),Data Valid But Above Normal Range - Most Severe Level,CRITICAL_STOP,Sensör besleme hattını ve fiziksel aşırı basınç/sıcaklık durumunu mekanik test portundan doğrulayın.
190,2,"Motor Devri (Krank Hızı) - Veri tutarsız, kesintili veya yanlış (Sinyal Sıçraması)",Motor Zamanlama & Krank Sensörü,61444 (EEC1),"Data Erratic, Intermittent Or Incorrect",LOW,"Kablo demetinde titreşim temassızlığı, gevşek klemens veya manyetik relüktör çark diş hasarı arayın."
190,8,"Motor Devri (Krank Hızı) - Anormal frekans, darbe genişliği (PWM) veya periyot",Motor Zamanlama & Krank Sensörü,61444 (EEC1),Abnormal Frequency Or Pulse Width Or Period,LOW,Osiloskop ile PWM sinyal doluluk oranını (Duty Cycle) ve gürültü seviyesini inceleyin.
102,0,Turboşarj Takviye Basıncı (Boost Pressure) - Veri geçerli fakat normal çalışma aralığının üzerinde (Kritik Yüksek),Hava Emiş & Turboşarj (CAC),65270 (IC1),Data Valid But Above Normal Range - Most Severe Level,CRITICAL_STOP,Sensör besleme hattını ve fiziksel aşırı basınç/sıcaklık durumunu mekanik test portundan doğrulayın.
102,2,"Turboşarj Takviye Basıncı (Boost Pressure) - Veri tutarsız, kesintili veya yanlış (Sinyal Sıçraması)",Hava Emiş & Turboşarj (CAC),65270 (IC1),"Data Erratic, Intermittent Or Incorrect",LOW,"Kablo demetinde titreşim temassızlığı, gevşek klemens veya manyetik relüktör çark diş hasarı arayın."
102,16,Turboşarj Takviye Basıncı (Boost Pressure) - Veri normalin üzerinde (Orta Seviye - Derate Başlayabilir),Hava Emiş & Turboşarj (CAC),65270 (IC1),Data Valid But Above Normal - Moderate Severity,MEDIUM,Motor tork sınırlandırması (Derate) başlamadan önce ilgili devreyi temizleyin.
102,18,Turboşarj Takviye Basıncı (Boost Pressure) - Veri normalin altında (Orta Seviye - Tork Sınırlandırma),Hava Emiş & Turboşarj (CAC),65270 (IC1),Data Valid But Below Normal - Moderate Severity,MEDIUM,"Dozaj pompası, hava tahrik valfi veya debi kısıtlamalarını giderin."
157,0,Ortak Yakıt Yolu (Common Rail) Basıncı - Veri geçerli fakat normal çalışma aralığının üzerinde (Kritik Yüksek),Yüksek Basınç Yakıt Enjeksiyonu,65271 (FED1),Data Valid But Above Normal Range - Most Severe Level,CRITICAL_STOP,Sensör besleme hattını ve fiziksel aşırı basınç/sıcaklık durumunu mekanik test portundan doğrulayın.
157,1,Ortak Yakıt Yolu (Common Rail) Basıncı - Veri geçerli fakat normal çalışma aralığının altında (Kritik Düşük),Yüksek Basınç Yakıt Enjeksiyonu,65271 (FED1),Data Valid But Below Normal Range - Most Severe Level,CRITICAL_STOP,"Sıvı seviyelerini, emiş filtrelerini ve mekanik aşınma belirtilerini kontrol edin."
157,3,Ortak Yakıt Yolu (Common Rail) Basıncı - Voltaj normalin üzerinde veya yüksek kaynağa (+5V / +24V) kısa devre,Yüksek Basınç Yakıt Enjeksiyonu,65271 (FED1),"Voltage Above Normal, Or Shorted To High Source",MEDIUM,Sensör soketini ayırın; voltaj şasiye göre düşmüyorsa kablo demeti akü besleme hattına ezilmiştir.
157,4,Ortak Yakıt Yolu (Common Rail) Basıncı - Voltaj normalin altında veya şasiye (GND) kısa devre,Yüksek Basınç Yakıt Enjeksiyonu,65271 (FED1),"Voltage Below Normal, Or Shorted To Low Source",MEDIUM,Sinyal pini ile şasi arasındaki direnci ölçün (<1.0 Ω ise tesisatta şasi teması vardır).
157,16,Ortak Yakıt Yolu (Common Rail) Basıncı - Veri normalin üzerinde (Orta Seviye - Derate Başlayabilir),Yüksek Basınç Yakıt Enjeksiyonu,65271 (FED1),Data Valid But Above Normal - Moderate Severity,MEDIUM,Motor tork sınırlandırması (Derate) başlamadan önce ilgili devreyi temizleyin.
157,18,Ortak Yakıt Yolu (Common Rail) Basıncı - Veri normalin altında (Orta Seviye - Tork Sınırlandırma),Yüksek Basınç Yakıt Enjeksiyonu,65271 (FED1),Data Valid But Below Normal - Moderate Severity,MEDIUM,"Dozaj pompası, hava tahrik valfi veya debi kısıtlamalarını giderin."
3251,0,DPF Partikül Filtresi Fark Basıncı - Veri geçerli fakat normal çalışma aralığının üzerinde (Kritik Yüksek),Egzoz & DPF Kurum Yönetimi,64948 (A1D1),Data Valid But Above Normal Range - Most Severe Level,CRITICAL_STOP,Sensör besleme hattını ve fiziksel aşırı basınç/sıcaklık durumunu mekanik test portundan doğrulayın.
3251,2,"DPF Partikül Filtresi Fark Basıncı - Veri tutarsız, kesintili veya yanlış (Sinyal Sıçraması)",Egzoz & DPF Kurum Yönetimi,64948 (A1D1),"Data Erratic, Intermittent Or Incorrect",LOW,"Kablo demetinde titreşim temassızlığı, gevşek klemens veya manyetik relüktör çark diş hasarı arayın."
3251,3,DPF Partikül Filtresi Fark Basıncı - Voltaj normalin üzerinde veya yüksek kaynağa (+5V / +24V) kısa devre,Egzoz & DPF Kurum Yönetimi,64948 (A1D1),"Voltage Above Normal, Or Shorted To High Source",MEDIUM,Sensör soketini ayırın; voltaj şasiye göre düşmüyorsa kablo demeti akü besleme hattına ezilmiştir.
3251,4,DPF Partikül Filtresi Fark Basıncı - Voltaj normalin altında veya şasiye (GND) kısa devre,Egzoz & DPF Kurum Yönetimi,64948 (A1D1),"Voltage Below Normal, Or Shorted To Low Source",MEDIUM,Sinyal pini ile şasi arasındaki direnci ölçün (<1.0 Ω ise tesisatta şasi teması vardır).
3251,16,DPF Partikül Filtresi Fark Basıncı - Veri normalin üzerinde (Orta Seviye - Derate Başlayabilir),Egzoz & DPF Kurum Yönetimi,64948 (A1D1),Data Valid But Above Normal - Moderate Severity,MEDIUM,Motor tork sınırlandırması (Derate) başlamadan önce ilgili devreyi temizleyin.
3719,0,DPF Kurum Doluluk Oranı - Veri geçerli fakat normal çalışma aralığının üzerinde (Kritik Yüksek),Egzoz & DPF Rejenerasyonu,64948 (A1D1),Data Valid But Above Normal Range - Most Severe Level,CRITICAL_STOP,Sensör besleme hattını ve fiziksel aşırı basınç/sıcaklık durumunu mekanik test portundan doğrulayın.
3719,15,DPF Kurum Doluluk Oranı - Veri normalin üzerinde (Hafif Uyarı Seviyesi),Egzoz & DPF Rejenerasyonu,64948 (A1D1),Data Valid But Above Normal - Least Severe Level,LOW,Filtre ve soğutma temizliği yapın; sistem henüz arıza lambası yakmamış olabilir.
3719,16,DPF Kurum Doluluk Oranı - Veri normalin üzerinde (Orta Seviye - Derate Başlayabilir),Egzoz & DPF Rejenerasyonu,64948 (A1D1),Data Valid But Above Normal - Moderate Severity,MEDIUM,Motor tork sınırlandırması (Derate) başlamadan önce ilgili devreyi temizleyin.
4364,1,SCR Katalizör NOx Dönüşüm Verimliliği - Veri geçerli fakat normal çalışma aralığının altında (Kritik Düşük),Egzoz & SCR / AdBlue Dozaj Sistemi,64947 (A1D2),Data Valid But Below Normal Range - Most Severe Level,CRITICAL_STOP,"Sıvı seviyelerini, emiş filtrelerini ve mekanik aşınma belirtilerini kontrol edin."
4364,18,SCR Katalizör NOx Dönüşüm Verimliliği - Veri normalin altında (Orta Seviye - Tork Sınırlandırma),Egzoz & SCR / AdBlue Dozaj Sistemi,64947 (A1D2),Data Valid But Below Normal - Moderate Severity,MEDIUM,"Dozaj pompası, hava tahrik valfi veya debi kısıtlamalarını giderin."
3361,3,AdBlue / DEF Dozaj Ünitesi & Enjektörü - Voltaj normalin üzerinde veya yüksek kaynağa (+5V / +24V) kısa devre,SCR / AdBlue Sıvı Enjeksiyonu,64946 (A1D3),"Voltage Above Normal, Or Shorted To High Source",MEDIUM,Sensör soketini ayırın; voltaj şasiye göre düşmüyorsa kablo demeti akü besleme hattına ezilmiştir.
3361,4,AdBlue / DEF Dozaj Ünitesi & Enjektörü - Voltaj normalin altında veya şasiye (GND) kısa devre,SCR / AdBlue Sıvı Enjeksiyonu,64946 (A1D3),"Voltage Below Normal, Or Shorted To Low Source",MEDIUM,Sinyal pini ile şasi arasındaki direnci ölçün (<1.0 Ω ise tesisatta şasi teması vardır).
3361,5,AdBlue / DEF Dozaj Ünitesi & Enjektörü - Akım normalin altında veya açık devre (Kablo Kopuk / Temassız),SCR / AdBlue Sıvı Enjeksiyonu,64946 (A1D3),Current Below Normal Or Open Circuit,MEDIUM,Aktüatör/solenoid bobin direncini ölçün ve soket kilit tırnaklarını kontrol edin.
3361,7,AdBlue / DEF Dozaj Ünitesi & Enjektörü - Mekanik sistem yanıt vermiyor veya kalibrasyon dışı (Mekanik Sıkışma),SCR / AdBlue Sıvı Enjeksiyonu,64946 (A1D3),Mechanical System Not Responding Or Out Of Adjustment,CRITICAL_STOP,"Aktüatör itici kollarını, kurum birikmesini ve hava/yağ tahrik hatlarını mekanik olarak inceleyin."
3364,1,AdBlue / DEF Sıvı Kalitesi & Üre Konsantrasyonu - Veri geçerli fakat normal çalışma aralığının altında (Kritik Düşük),SCR / AdBlue Sıvı Kalitesi,65110 (AT1T1I),Data Valid But Below Normal Range - Most Severe Level,CRITICAL_STOP,"Sıvı seviyelerini, emiş filtrelerini ve mekanik aşınma belirtilerini kontrol edin."
3364,18,AdBlue / DEF Sıvı Kalitesi & Üre Konsantrasyonu - Veri normalin altında (Orta Seviye - Tork Sınırlandırma),SCR / AdBlue Sıvı Kalitesi,65110 (AT1T1I),Data Valid But Below Normal - Moderate Severity,MEDIUM,"Dozaj pompası, hava tahrik valfi veya debi kısıtlamalarını giderin."
1087,1,Pnömatik Fren Hava Basıncı - Devre 1 - Veri geçerli fakat normal çalışma aralığının altında (Kritik Düşük),Pnömatik Fren Sistemi (Hava Tankı 1),65274 (AIR1),Data Valid But Below Normal Range - Most Severe Level,CRITICAL_STOP,"Sıvı seviyelerini, emiş filtrelerini ve mekanik aşınma belirtilerini kontrol edin."
1087,17,Pnömatik Fren Hava Basıncı - Devre 1 - Veri normalin altında (Hafif Uyarı Seviyesi),Pnömatik Fren Sistemi (Hava Tankı 1),65274 (AIR1),Data Valid But Below Normal - Least Severe Level,LOW,Sistem basınç regülatörünü ve filtre tıkanıklığını kontrol edin.
1087,18,Pnömatik Fren Hava Basıncı - Devre 1 - Veri normalin altında (Orta Seviye - Tork Sınırlandırma),Pnömatik Fren Sistemi (Hava Tankı 1),65274 (AIR1),Data Valid But Below Normal - Moderate Severity,MEDIUM,"Dozaj pompası, hava tahrik valfi veya debi kısıtlamalarını giderin."
1088,1,Pnömatik Fren Hava Basıncı - Devre 2 - Veri geçerli fakat normal çalışma aralığının altında (Kritik Düşük),Pnömatik Fren Sistemi (Hava Tankı 2),65274 (AIR1),Data Valid But Below Normal Range - Most Severe Level,CRITICAL_STOP,"Sıvı seviyelerini, emiş filtrelerini ve mekanik aşınma belirtilerini kontrol edin."
1088,17,Pnömatik Fren Hava Basıncı - Devre 2 - Veri normalin altında (Hafif Uyarı Seviyesi),Pnömatik Fren Sistemi (Hava Tankı 2),65274 (AIR1),Data Valid But Below Normal - Least Severe Level,LOW,Sistem basınç regülatörünü ve filtre tıkanıklığını kontrol edin.
1088,18,Pnömatik Fren Hava Basıncı - Devre 2 - Veri normalin altında (Orta Seviye - Tork Sınırlandırma),Pnömatik Fren Sistemi (Hava Tankı 2),65274 (AIR1),Data Valid But Below Normal - Moderate Severity,MEDIUM,"Dozaj pompası, hava tahrik valfi veya debi kısıtlamalarını giderin."
522,2,"Şanzıman Mevcut Vites - Veri tutarsız, kesintili veya yanlış (Sinyal Sıçraması)",Otomatik / AMT Şanzıman Kontrolü,61445 (ETC2),"Data Erratic, Intermittent Or Incorrect",LOW,"Kablo demetinde titreşim temassızlığı, gevşek klemens veya manyetik relüktör çark diş hasarı arayın."
522,7,Şanzıman Mevcut Vites - Mekanik sistem yanıt vermiyor veya kalibrasyon dışı (Mekanik Sıkışma),Otomatik / AMT Şanzıman Kontrolü,61445 (ETC2),Mechanical System Not Responding Or Out Of Adjustment,CRITICAL_STOP,"Aktüatör itici kollarını, kurum birikmesini ve hava/yağ tahrik hatlarını mekanik olarak inceleyin."
522,11,Şanzıman Mevcut Vites - Kök neden bilinmiyor (Genel Arıza Modu),Otomatik / AMT Şanzıman Kontrolü,61445 (ETC2),Root Cause Not Known,LOW,Öncelikli olarak Freeze Frame (DM4) verilerini ve motor çalışma koşullarını okuyun.
168,0,Akü Voltajı / Ana Besleme Hattı (KL30) - Veri geçerli fakat normal çalışma aralığının üzerinde (Kritik Yüksek),Elektrik Dağıtım & Alternatör,65271 (VEP1),Data Valid But Above Normal Range - Most Severe Level,CRITICAL_STOP,Sensör besleme hattını ve fiziksel aşırı basınç/sıcaklık durumunu mekanik test portundan doğrulayın.
168,1,Akü Voltajı / Ana Besleme Hattı (KL30) - Veri geçerli fakat normal çalışma aralığının altında (Kritik Düşük),Elektrik Dağıtım & Alternatör,65271 (VEP1),Data Valid But Below Normal Range - Most Severe Level,CRITICAL_STOP,"Sıvı seviyelerini, emiş filtrelerini ve mekanik aşınma belirtilerini kontrol edin."
168,15,Akü Voltajı / Ana Besleme Hattı (KL30) - Veri normalin üzerinde (Hafif Uyarı Seviyesi),Elektrik Dağıtım & Alternatör,65271 (VEP1),Data Valid But Above Normal - Least Severe Level,LOW,Filtre ve soğutma temizliği yapın; sistem henüz arıza lambası yakmamış olabilir.
168,17,Akü Voltajı / Ana Besleme Hattı (KL30) - Veri normalin altında (Hafif Uyarı Seviyesi),Elektrik Dağıtım & Alternatör,65271 (VEP1),Data Valid But Below Normal - Least Severe Level,LOW,Sistem basınç regülatörünü ve filtre tıkanıklığını kontrol edin.
91,2,"Gaz Pedalı Konum Sensörü 1 - Veri tutarsız, kesintili veya yanlış (Sinyal Sıçraması)",Elektronik Gaz Kelebeği & Sürücü Talebi,61443 (EEC2),"Data Erratic, Intermittent Or Incorrect",LOW,"Kablo demetinde titreşim temassızlığı, gevşek klemens veya manyetik relüktör çark diş hasarı arayın."
91,3,Gaz Pedalı Konum Sensörü 1 - Voltaj normalin üzerinde veya yüksek kaynağa (+5V / +24V) kısa devre,Elektronik Gaz Kelebeği & Sürücü Talebi,61443 (EEC2),"Voltage Above Normal, Or Shorted To High Source",MEDIUM,Sensör soketini ayırın; voltaj şasiye göre düşmüyorsa kablo demeti akü besleme hattına ezilmiştir.
91,4,Gaz Pedalı Konum Sensörü 1 - Voltaj normalin altında veya şasiye (GND) kısa devre,Elektronik Gaz Kelebeği & Sürücü Talebi,61443 (EEC2),"Voltage Below Normal, Or Shorted To Low Source",MEDIUM,Sinyal pini ile şasi arasındaki direnci ölçün (<1.0 Ω ise tesisatta şasi teması vardır).
91,8,"Gaz Pedalı Konum Sensörü 1 - Anormal frekans, darbe genişliği (PWM) veya periyot",Elektronik Gaz Kelebeği & Sürücü Talebi,61443 (EEC2),Abnormal Frequency Or Pulse Width Or Period,LOW,Osiloskop ile PWM sinyal doluluk oranını (Duty Cycle) ve gürültü seviyesini inceleyin.
92,0,Mevcut Devirdeki Motor Yük Yüzdesi - Veri geçerli fakat normal çalışma aralığının üzerinde (Kritik Yüksek),Motor Yönetimi & Tork Talebi,61444 (EEC1),Data Valid But Above Normal Range - Most Severe Level,CRITICAL_STOP,Sensör besleme hattını ve fiziksel aşırı basınç/sıcaklık durumunu mekanik test portundan doğrulayın.
92,2,"Mevcut Devirdeki Motor Yük Yüzdesi - Veri tutarsız, kesintili veya yanlış (Sinyal Sıçraması)",Motor Yönetimi & Tork Talebi,61444 (EEC1),"Data Erratic, Intermittent Or Incorrect",LOW,"Kablo demetinde titreşim temassızlığı, gevşek klemens veya manyetik relüktör çark diş hasarı arayın."
94,1,Düşük Basınç Yakıt Besleme Basıncı - Veri geçerli fakat normal çalışma aralığının altında (Kritik Düşük),Yakıt Besleme & Ön Filtre,65263 (EFL_P1),Data Valid But Below Normal Range - Most Severe Level,CRITICAL_STOP,"Sıvı seviyelerini, emiş filtrelerini ve mekanik aşınma belirtilerini kontrol edin."
94,16,Düşük Basınç Yakıt Besleme Basıncı - Veri normalin üzerinde (Orta Seviye - Derate Başlayabilir),Yakıt Besleme & Ön Filtre,65263 (EFL_P1),Data Valid But Above Normal - Moderate Severity,MEDIUM,Motor tork sınırlandırması (Derate) başlamadan önce ilgili devreyi temizleyin.
94,18,Düşük Basınç Yakıt Besleme Basıncı - Veri normalin altında (Orta Seviye - Tork Sınırlandırma),Yakıt Besleme & Ön Filtre,65263 (EFL_P1),Data Valid But Below Normal - Moderate Severity,MEDIUM,"Dozaj pompası, hava tahrik valfi veya debi kısıtlamalarını giderin."
108,2,"Atmosferik Çevre Basıncı - Veri tutarsız, kesintili veya yanlış (Sinyal Sıçraması)",Emiş Havası & Rakım Telafisi,65269 (AMB),"Data Erratic, Intermittent Or Incorrect",LOW,"Kablo demetinde titreşim temassızlığı, gevşek klemens veya manyetik relüktör çark diş hasarı arayın."
108,3,Atmosferik Çevre Basıncı - Voltaj normalin üzerinde veya yüksek kaynağa (+5V / +24V) kısa devre,Emiş Havası & Rakım Telafisi,65269 (AMB),"Voltage Above Normal, Or Shorted To High Source",MEDIUM,Sensör soketini ayırın; voltaj şasiye göre düşmüyorsa kablo demeti akü besleme hattına ezilmiştir.
108,4,Atmosferik Çevre Basıncı - Voltaj normalin altında veya şasiye (GND) kısa devre,Emiş Havası & Rakım Telafisi,65269 (AMB),"Voltage Below Normal, Or Shorted To Low Source",MEDIUM,Sinyal pini ile şasi arasındaki direnci ölçün (<1.0 Ω ise tesisatta şasi teması vardır).
174,0,Motor Yakıt Sıcaklığı - Veri geçerli fakat normal çalışma aralığının üzerinde (Kritik Yüksek),Yakıt Yönetimi & Yoğunluk Düzeltmesi,65262 (ET1),Data Valid But Above Normal Range - Most Severe Level,CRITICAL_STOP,Sensör besleme hattını ve fiziksel aşırı basınç/sıcaklık durumunu mekanik test portundan doğrulayın.
174,3,Motor Yakıt Sıcaklığı - Voltaj normalin üzerinde veya yüksek kaynağa (+5V / +24V) kısa devre,Yakıt Yönetimi & Yoğunluk Düzeltmesi,65262 (ET1),"Voltage Above Normal, Or Shorted To High Source",MEDIUM,Sensör soketini ayırın; voltaj şasiye göre düşmüyorsa kablo demeti akü besleme hattına ezilmiştir.
174,4,Motor Yakıt Sıcaklığı - Voltaj normalin altında veya şasiye (GND) kısa devre,Yakıt Yönetimi & Yoğunluk Düzeltmesi,65262 (ET1),"Voltage Below Normal, Or Shorted To Low Source",MEDIUM,Sinyal pini ile şasi arasındaki direnci ölçün (<1.0 Ω ise tesisatta şasi teması vardır).
174,16,Motor Yakıt Sıcaklığı - Veri normalin üzerinde (Orta Seviye - Derate Başlayabilir),Yakıt Yönetimi & Yoğunluk Düzeltmesi,65262 (ET1),Data Valid But Above Normal - Moderate Severity,MEDIUM,Motor tork sınırlandırması (Derate) başlamadan önce ilgili devreyi temizleyin.
175,0,Motor Yağ Sıcaklığı - Veri geçerli fakat normal çalışma aralığının üzerinde (Kritik Yüksek),Motor Yağlama & Termal Yönetim,65262 (ET1),Data Valid But Above Normal Range - Most Severe Level,CRITICAL_STOP,Sensör besleme hattını ve fiziksel aşırı basınç/sıcaklık durumunu mekanik test portundan doğrulayın.
175,3,Motor Yağ Sıcaklığı - Voltaj normalin üzerinde veya yüksek kaynağa (+5V / +24V) kısa devre,Motor Yağlama & Termal Yönetim,65262 (ET1),"Voltage Above Normal, Or Shorted To High Source",MEDIUM,Sensör soketini ayırın; voltaj şasiye göre düşmüyorsa kablo demeti akü besleme hattına ezilmiştir.
175,4,Motor Yağ Sıcaklığı - Voltaj normalin altında veya şasiye (GND) kısa devre,Motor Yağlama & Termal Yönetim,65262 (ET1),"Voltage Below Normal, Or Shorted To Low Source",MEDIUM,Sinyal pini ile şasi arasındaki direnci ölçün (<1.0 Ω ise tesisatta şasi teması vardır).
175,16,Motor Yağ Sıcaklığı - Veri normalin üzerinde (Orta Seviye - Derate Başlayabilir),Motor Yağlama & Termal Yönetim,65262 (ET1),Data Valid But Above Normal - Moderate Severity,MEDIUM,Motor tork sınırlandırması (Derate) başlamadan önce ilgili devreyi temizleyin.
183,0,Anlık Yakıt Tüketim Debisi - Veri geçerli fakat normal çalışma aralığının üzerinde (Kritik Yüksek),Yakıt Ekonomisi & Telemetri,65266 (LFE1),Data Valid But Above Normal Range - Most Severe Level,CRITICAL_STOP,Sensör besleme hattını ve fiziksel aşırı basınç/sıcaklık durumunu mekanik test portundan doğrulayın.
183,2,"Anlık Yakıt Tüketim Debisi - Veri tutarsız, kesintili veya yanlış (Sinyal Sıçraması)",Yakıt Ekonomisi & Telemetri,65266 (LFE1),"Data Erratic, Intermittent Or Incorrect",LOW,"Kablo demetinde titreşim temassızlığı, gevşek klemens veya manyetik relüktör çark diş hasarı arayın."
247,2,"Toplam Motor Çalışma Saati - Veri tutarsız, kesintili veya yanlış (Sinyal Sıçraması)",Motor Servis & Bakım Takibi,65253 (HOURS),"Data Erratic, Intermittent Or Incorrect",LOW,"Kablo demetinde titreşim temassızlığı, gevşek klemens veya manyetik relüktör çark diş hasarı arayın."
247,12,"Toplam Motor Çalışma Saati - Arızalı akıllı cihaz, mikrodenetleyici veya dahili bileşen",Motor Servis & Bakım Takibi,65253 (HOURS),Bad Intelligent Device Or Component,LOW,Modülün besleme voltajını teyit edin; düzelmiyorsa dahili ECU/Sensör arızasıdır.
3242,0,DPF Giriş Egzoz Gazı Sıcaklığı - Veri geçerli fakat normal çalışma aralığının üzerinde (Kritik Yüksek),Egzoz & DPF Termal Rejenerasyonu,64948 (A1D1),Data Valid But Above Normal Range - Most Severe Level,CRITICAL_STOP,Sensör besleme hattını ve fiziksel aşırı basınç/sıcaklık durumunu mekanik test portundan doğrulayın.
3242,3,DPF Giriş Egzoz Gazı Sıcaklığı - Voltaj normalin üzerinde veya yüksek kaynağa (+5V / +24V) kısa devre,Egzoz & DPF Termal Rejenerasyonu,64948 (A1D1),"Voltage Above Normal, Or Shorted To High Source",MEDIUM,Sensör soketini ayırın; voltaj şasiye göre düşmüyorsa kablo demeti akü besleme hattına ezilmiştir.
3242,4,DPF Giriş Egzoz Gazı Sıcaklığı - Voltaj normalin altında veya şasiye (GND) kısa devre,Egzoz & DPF Termal Rejenerasyonu,64948 (A1D1),"Voltage Below Normal, Or Shorted To Low Source",MEDIUM,Sinyal pini ile şasi arasındaki direnci ölçün (<1.0 Ω ise tesisatta şasi teması vardır).
3242,16,DPF Giriş Egzoz Gazı Sıcaklığı - Veri normalin üzerinde (Orta Seviye - Derate Başlayabilir),Egzoz & DPF Termal Rejenerasyonu,64948 (A1D1),Data Valid But Above Normal - Moderate Severity,MEDIUM,Motor tork sınırlandırması (Derate) başlamadan önce ilgili devreyi temizleyin.
3246,0,DPF Çıkış Egzoz Gazı Sıcaklığı - Veri geçerli fakat normal çalışma aralığının üzerinde (Kritik Yüksek),Egzoz & DPF Termal Rejenerasyonu,64948 (A1D1),Data Valid But Above Normal Range - Most Severe Level,CRITICAL_STOP,Sensör besleme hattını ve fiziksel aşırı basınç/sıcaklık durumunu mekanik test portundan doğrulayın.
3246,3,DPF Çıkış Egzoz Gazı Sıcaklığı - Voltaj normalin üzerinde veya yüksek kaynağa (+5V / +24V) kısa devre,Egzoz & DPF Termal Rejenerasyonu,64948 (A1D1),"Voltage Above Normal, Or Shorted To High Source",MEDIUM,Sensör soketini ayırın; voltaj şasiye göre düşmüyorsa kablo demeti akü besleme hattına ezilmiştir.
3246,4,DPF Çıkış Egzoz Gazı Sıcaklığı - Voltaj normalin altında veya şasiye (GND) kısa devre,Egzoz & DPF Termal Rejenerasyonu,64948 (A1D1),"Voltage Below Normal, Or Shorted To Low Source",MEDIUM,Sinyal pini ile şasi arasındaki direnci ölçün (<1.0 Ω ise tesisatta şasi teması vardır).
3246,16,DPF Çıkış Egzoz Gazı Sıcaklığı - Veri normalin üzerinde (Orta Seviye - Derate Başlayabilir),Egzoz & DPF Termal Rejenerasyonu,64948 (A1D1),Data Valid But Above Normal - Moderate Severity,MEDIUM,Motor tork sınırlandırması (Derate) başlamadan önce ilgili devreyi temizleyin.
1761,1,AdBlue / DEF Sıvı Tankı Seviyesi - Veri geçerli fakat normal çalışma aralığının altında (Kritik Düşük),SCR / AdBlue Sıvı Depolama,65110 (AT1T1I),Data Valid But Below Normal Range - Most Severe Level,CRITICAL_STOP,"Sıvı seviyelerini, emiş filtrelerini ve mekanik aşınma belirtilerini kontrol edin."
1761,3,AdBlue / DEF Sıvı Tankı Seviyesi - Voltaj normalin üzerinde veya yüksek kaynağa (+5V / +24V) kısa devre,SCR / AdBlue Sıvı Depolama,65110 (AT1T1I),"Voltage Above Normal, Or Shorted To High Source",MEDIUM,Sensör soketini ayırın; voltaj şasiye göre düşmüyorsa kablo demeti akü besleme hattına ezilmiştir.
1761,4,AdBlue / DEF Sıvı Tankı Seviyesi - Voltaj normalin altında veya şasiye (GND) kısa devre,SCR / AdBlue Sıvı Depolama,65110 (AT1T1I),"Voltage Below Normal, Or Shorted To Low Source",MEDIUM,Sinyal pini ile şasi arasındaki direnci ölçün (<1.0 Ω ise tesisatta şasi teması vardır).
1761,18,AdBlue / DEF Sıvı Tankı Seviyesi - Veri normalin altında (Orta Seviye - Tork Sınırlandırma),SCR / AdBlue Sıvı Depolama,65110 (AT1T1I),Data Valid But Below Normal - Moderate Severity,MEDIUM,"Dozaj pompası, hava tahrik valfi veya debi kısıtlamalarını giderin."
3031,0,AdBlue / DEF Sıvı Tankı Sıcaklığı - Veri geçerli fakat normal çalışma aralığının üzerinde (Kritik Yüksek),SCR / AdBlue Donma Koruması,65110 (AT1T1I),Data Valid But Above Normal Range - Most Severe Level,CRITICAL_STOP,Sensör besleme hattını ve fiziksel aşırı basınç/sıcaklık durumunu mekanik test portundan doğrulayın.
3031,1,AdBlue / DEF Sıvı Tankı Sıcaklığı - Veri geçerli fakat normal çalışma aralığının altında (Kritik Düşük),SCR / AdBlue Donma Koruması,65110 (AT1T1I),Data Valid But Below Normal Range - Most Severe Level,CRITICAL_STOP,"Sıvı seviyelerini, emiş filtrelerini ve mekanik aşınma belirtilerini kontrol edin."
3031,3,AdBlue / DEF Sıvı Tankı Sıcaklığı - Voltaj normalin üzerinde veya yüksek kaynağa (+5V / +24V) kısa devre,SCR / AdBlue Donma Koruması,65110 (AT1T1I),"Voltage Above Normal, Or Shorted To High Source",MEDIUM,Sensör soketini ayırın; voltaj şasiye göre düşmüyorsa kablo demeti akü besleme hattına ezilmiştir.
3031,4,AdBlue / DEF Sıvı Tankı Sıcaklığı - Voltaj normalin altında veya şasiye (GND) kısa devre,SCR / AdBlue Donma Koruması,65110 (AT1T1I),"Voltage Below Normal, Or Shorted To Low Source",MEDIUM,Sinyal pini ile şasi arasındaki direnci ölçün (<1.0 Ω ise tesisatta şasi teması vardır).
651,3,1. Silindir Yakıt Enjektörü - Voltaj normalin üzerinde veya yüksek kaynağa (+5V / +24V) kısa devre,Yakıt Enjeksiyonu (Silindir 1),65261 (FED2),"Voltage Above Normal, Or Shorted To High Source",MEDIUM,Sensör soketini ayırın; voltaj şasiye göre düşmüyorsa kablo demeti akü besleme hattına ezilmiştir.
651,4,1. Silindir Yakıt Enjektörü - Voltaj normalin altında veya şasiye (GND) kısa devre,Yakıt Enjeksiyonu (Silindir 1),65261 (FED2),"Voltage Below Normal, Or Shorted To Low Source",MEDIUM,Sinyal pini ile şasi arasındaki direnci ölçün (<1.0 Ω ise tesisatta şasi teması vardır).
651,5,1. Silindir Yakıt Enjektörü - Akım normalin altında veya açık devre (Kablo Kopuk / Temassız),Yakıt Enjeksiyonu (Silindir 1),65261 (FED2),Current Below Normal Or Open Circuit,MEDIUM,Aktüatör/solenoid bobin direncini ölçün ve soket kilit tırnaklarını kontrol edin.
651,6,1. Silindir Yakıt Enjektörü - Akım normalin üzerinde veya devre şasiye aşırı yüklenmiş,Yakıt Enjeksiyonu (Silindir 1),65261 (FED2),Current Above Normal Or Grounded Circuit,LOW,Bobin sargısında dahili izolasyon delinmesi veya aktüatör mekanik sıkışması kontrolü yapın.
651,7,1. Silindir Yakıt Enjektörü - Mekanik sistem yanıt vermiyor veya kalibrasyon dışı (Mekanik Sıkışma),Yakıt Enjeksiyonu (Silindir 1),65261 (FED2),Mechanical System Not Responding Or Out Of Adjustment,CRITICAL_STOP,"Aktüatör itici kollarını, kurum birikmesini ve hava/yağ tahrik hatlarını mekanik olarak inceleyin."
652,3,2. Silindir Yakıt Enjektörü - Voltaj normalin üzerinde veya yüksek kaynağa (+5V / +24V) kısa devre,Yakıt Enjeksiyonu (Silindir 2),65261 (FED2),"Voltage Above Normal, Or Shorted To High Source",MEDIUM,Sensör soketini ayırın; voltaj şasiye göre düşmüyorsa kablo demeti akü besleme hattına ezilmiştir.
652,4,2. Silindir Yakıt Enjektörü - Voltaj normalin altında veya şasiye (GND) kısa devre,Yakıt Enjeksiyonu (Silindir 2),65261 (FED2),"Voltage Below Normal, Or Shorted To Low Source",MEDIUM,Sinyal pini ile şasi arasındaki direnci ölçün (<1.0 Ω ise tesisatta şasi teması vardır).
652,5,2. Silindir Yakıt Enjektörü - Akım normalin altında veya açık devre (Kablo Kopuk / Temassız),Yakıt Enjeksiyonu (Silindir 2),65261 (FED2),Current Below Normal Or Open Circuit,MEDIUM,Aktüatör/solenoid bobin direncini ölçün ve soket kilit tırnaklarını kontrol edin.
652,6,2. Silindir Yakıt Enjektörü - Akım normalin üzerinde veya devre şasiye aşırı yüklenmiş,Yakıt Enjeksiyonu (Silindir 2),65261 (FED2),Current Above Normal Or Grounded Circuit,LOW,Bobin sargısında dahili izolasyon delinmesi veya aktüatör mekanik sıkışması kontrolü yapın.
652,7,2. Silindir Yakıt Enjektörü - Mekanik sistem yanıt vermiyor veya kalibrasyon dışı (Mekanik Sıkışma),Yakıt Enjeksiyonu (Silindir 2),65261 (FED2),Mechanical System Not Responding Or Out Of Adjustment,CRITICAL_STOP,"Aktüatör itici kollarını, kurum birikmesini ve hava/yağ tahrik hatlarını mekanik olarak inceleyin."
653,3,3. Silindir Yakıt Enjektörü - Voltaj normalin üzerinde veya yüksek kaynağa (+5V / +24V) kısa devre,Yakıt Enjeksiyonu (Silindir 3),65261 (FED2),"Voltage Above Normal, Or Shorted To High Source",MEDIUM,Sensör soketini ayırın; voltaj şasiye göre düşmüyorsa kablo demeti akü besleme hattına ezilmiştir.
653,4,3. Silindir Yakıt Enjektörü - Voltaj normalin altında veya şasiye (GND) kısa devre,Yakıt Enjeksiyonu (Silindir 3),65261 (FED2),"Voltage Below Normal, Or Shorted To Low Source",MEDIUM,Sinyal pini ile şasi arasındaki direnci ölçün (<1.0 Ω ise tesisatta şasi teması vardır).
653,5,3. Silindir Yakıt Enjektörü - Akım normalin altında veya açık devre (Kablo Kopuk / Temassız),Yakıt Enjeksiyonu (Silindir 3),65261 (FED2),Current Below Normal Or Open Circuit,MEDIUM,Aktüatör/solenoid bobin direncini ölçün ve soket kilit tırnaklarını kontrol edin.
653,6,3. Silindir Yakıt Enjektörü - Akım normalin üzerinde veya devre şasiye aşırı yüklenmiş,Yakıt Enjeksiyonu (Silindir 3),65261 (FED2),Current Above Normal Or Grounded Circuit,LOW,Bobin sargısında dahili izolasyon delinmesi veya aktüatör mekanik sıkışması kontrolü yapın.
653,7,3. Silindir Yakıt Enjektörü - Mekanik sistem yanıt vermiyor veya kalibrasyon dışı (Mekanik Sıkışma),Yakıt Enjeksiyonu (Silindir 3),65261 (FED2),Mechanical System Not Responding Or Out Of Adjustment,CRITICAL_STOP,"Aktüatör itici kollarını, kurum birikmesini ve hava/yağ tahrik hatlarını mekanik olarak inceleyin."
654,3,4. Silindir Yakıt Enjektörü - Voltaj normalin üzerinde veya yüksek kaynağa (+5V / +24V) kısa devre,Yakıt Enjeksiyonu (Silindir 4),65261 (FED2),"Voltage Above Normal, Or Shorted To High Source",MEDIUM,Sensör soketini ayırın; voltaj şasiye göre düşmüyorsa kablo demeti akü besleme hattına ezilmiştir.
654,4,4. Silindir Yakıt Enjektörü - Voltaj normalin altında veya şasiye (GND) kısa devre,Yakıt Enjeksiyonu (Silindir 4),65261 (FED2),"Voltage Below Normal, Or Shorted To Low Source",MEDIUM,Sinyal pini ile şasi arasındaki direnci ölçün (<1.0 Ω ise tesisatta şasi teması vardır).
654,5,4. Silindir Yakıt Enjektörü - Akım normalin altında veya açık devre (Kablo Kopuk / Temassız),Yakıt Enjeksiyonu (Silindir 4),65261 (FED2),Current Below Normal Or Open Circuit,MEDIUM,Aktüatör/solenoid bobin direncini ölçün ve soket kilit tırnaklarını kontrol edin.
654,6,4. Silindir Yakıt Enjektörü - Akım normalin üzerinde veya devre şasiye aşırı yüklenmiş,Yakıt Enjeksiyonu (Silindir 4),65261 (FED2),Current Above Normal Or Grounded Circuit,LOW,Bobin sargısında dahili izolasyon delinmesi veya aktüatör mekanik sıkışması kontrolü yapın.
654,7,4. Silindir Yakıt Enjektörü - Mekanik sistem yanıt vermiyor veya kalibrasyon dışı (Mekanik Sıkışma),Yakıt Enjeksiyonu (Silindir 4),65261 (FED2),Mechanical System Not Responding Or Out Of Adjustment,CRITICAL_STOP,"Aktüatör itici kollarını, kurum birikmesini ve hava/yağ tahrik hatlarını mekanik olarak inceleyin."
655,3,5. Silindir Yakıt Enjektörü - Voltaj normalin üzerinde veya yüksek kaynağa (+5V / +24V) kısa devre,Yakıt Enjeksiyonu (Silindir 5),65261 (FED2),"Voltage Above Normal, Or Shorted To High Source",MEDIUM,Sensör soketini ayırın; voltaj şasiye göre düşmüyorsa kablo demeti akü besleme hattına ezilmiştir.
655,4,5. Silindir Yakıt Enjektörü - Voltaj normalin altında veya şasiye (GND) kısa devre,Yakıt Enjeksiyonu (Silindir 5),65261 (FED2),"Voltage Below Normal, Or Shorted To Low Source",MEDIUM,Sinyal pini ile şasi arasındaki direnci ölçün (<1.0 Ω ise tesisatta şasi teması vardır).
655,5,5. Silindir Yakıt Enjektörü - Akım normalin altında veya açık devre (Kablo Kopuk / Temassız),Yakıt Enjeksiyonu (Silindir 5),65261 (FED2),Current Below Normal Or Open Circuit,MEDIUM,Aktüatör/solenoid bobin direncini ölçün ve soket kilit tırnaklarını kontrol edin.
655,6,5. Silindir Yakıt Enjektörü - Akım normalin üzerinde veya devre şasiye aşırı yüklenmiş,Yakıt Enjeksiyonu (Silindir 5),65261 (FED2),Current Above Normal Or Grounded Circuit,LOW,Bobin sargısında dahili izolasyon delinmesi veya aktüatör mekanik sıkışması kontrolü yapın.
655,7,5. Silindir Yakıt Enjektörü - Mekanik sistem yanıt vermiyor veya kalibrasyon dışı (Mekanik Sıkışma),Yakıt Enjeksiyonu (Silindir 5),65261 (FED2),Mechanical System Not Responding Or Out Of Adjustment,CRITICAL_STOP,"Aktüatör itici kollarını, kurum birikmesini ve hava/yağ tahrik hatlarını mekanik olarak inceleyin."
656,3,6. Silindir Yakıt Enjektörü - Voltaj normalin üzerinde veya yüksek kaynağa (+5V / +24V) kısa devre,Yakıt Enjeksiyonu (Silindir 6),65261 (FED2),"Voltage Above Normal, Or Shorted To High Source",MEDIUM,Sensör soketini ayırın; voltaj şasiye göre düşmüyorsa kablo demeti akü besleme hattına ezilmiştir.
656,4,6. Silindir Yakıt Enjektörü - Voltaj normalin altında veya şasiye (GND) kısa devre,Yakıt Enjeksiyonu (Silindir 6),65261 (FED2),"Voltage Below Normal, Or Shorted To Low Source",MEDIUM,Sinyal pini ile şasi arasındaki direnci ölçün (<1.0 Ω ise tesisatta şasi teması vardır).
656,5,6. Silindir Yakıt Enjektörü - Akım normalin altında veya açık devre (Kablo Kopuk / Temassız),Yakıt Enjeksiyonu (Silindir 6),65261 (FED2),Current Below Normal Or Open Circuit,MEDIUM,Aktüatör/solenoid bobin direncini ölçün ve soket kilit tırnaklarını kontrol edin.
656,6,6. Silindir Yakıt Enjektörü - Akım normalin üzerinde veya devre şasiye aşırı yüklenmiş,Yakıt Enjeksiyonu (Silindir 6),65261 (FED2),Current Above Normal Or Grounded Circuit,LOW,Bobin sargısında dahili izolasyon delinmesi veya aktüatör mekanik sıkışması kontrolü yapın.
656,7,6. Silindir Yakıt Enjektörü - Mekanik sistem yanıt vermiyor veya kalibrasyon dışı (Mekanik Sıkışma),Yakıt Enjeksiyonu (Silindir 6),65261 (FED2),Mechanical System Not Responding Or Out Of Adjustment,CRITICAL_STOP,"Aktüatör itici kollarını, kurum birikmesini ve hava/yağ tahrik hatlarını mekanik olarak inceleyin."
84,2,"Tekerlek Tabanlı Araç Hızı (Takograf/TCM) - Veri tutarsız, kesintili veya yanlış (Sinyal Sıçraması)",Şanzıman & Hız Algılama,65265 (CCVS1),"Data Erratic, Intermittent Or Incorrect",LOW,"Kablo demetinde titreşim temassızlığı, gevşek klemens veya manyetik relüktör çark diş hasarı arayın."
84,8,"Tekerlek Tabanlı Araç Hızı (Takograf/TCM) - Anormal frekans, darbe genişliği (PWM) veya periyot",Şanzıman & Hız Algılama,65265 (CCVS1),Abnormal Frequency Or Pulse Width Or Period,LOW,Osiloskop ile PWM sinyal doluluk oranını (Duty Cycle) ve gürültü seviyesini inceleyin.
84,9,Tekerlek Tabanlı Araç Hızı (Takograf/TCM) - Anormal veri güncelleme hızı (CAN Zaman Aşımı),Şanzıman & Hız Algılama,65265 (CCVS1),Abnormal Update Rate,LOW,Sensör veya kaynak modülün CAN-Bus hattına bağlı olduğunu ve adres aldığını (Address Claim) doğrulayın.
84,19,Tekerlek Tabanlı Araç Hızı (Takograf/TCM) - Ağdan hatalı veri alındı (CAN Mesaj Bozulması),Şanzıman & Hız Algılama,65265 (CCVS1),Received Network Data In Error,LOW,Veri yolunda 120Ω hat sonlandırma direncini ve CAN-H/CAN-L sinyal gürültüsünü test edin.
96,1,Yakıt Deposu Seviyesi 1 - Veri geçerli fakat normal çalışma aralığının altında (Kritik Düşük),Yakıt Seviyesi & Şamandıra,65276 (DD),Data Valid But Below Normal Range - Most Severe Level,CRITICAL_STOP,"Sıvı seviyelerini, emiş filtrelerini ve mekanik aşınma belirtilerini kontrol edin."
96,3,Yakıt Deposu Seviyesi 1 - Voltaj normalin üzerinde veya yüksek kaynağa (+5V / +24V) kısa devre,Yakıt Seviyesi & Şamandıra,65276 (DD),"Voltage Above Normal, Or Shorted To High Source",MEDIUM,Sensör soketini ayırın; voltaj şasiye göre düşmüyorsa kablo demeti akü besleme hattına ezilmiştir.
96,4,Yakıt Deposu Seviyesi 1 - Voltaj normalin altında veya şasiye (GND) kısa devre,Yakıt Seviyesi & Şamandıra,65276 (DD),"Voltage Below Normal, Or Shorted To Low Source",MEDIUM,Sinyal pini ile şasi arasındaki direnci ölçün (<1.0 Ω ise tesisatta şasi teması vardır).
96,17,Yakıt Deposu Seviyesi 1 - Veri normalin altında (Hafif Uyarı Seviyesi),Yakıt Seviyesi & Şamandıra,65276 (DD),Data Valid But Below Normal - Least Severe Level,LOW,Sistem basınç regülatörünü ve filtre tıkanıklığını kontrol edin.
97,0,Yakıtta Su Göstergesi / Sensörü - Veri geçerli fakat normal çalışma aralığının üzerinde (Kritik Yüksek),Yakıt Filtrasyonu & Ön Ayırıcı,65279 (WFI),Data Valid But Above Normal Range - Most Severe Level,CRITICAL_STOP,Sensör besleme hattını ve fiziksel aşırı basınç/sıcaklık durumunu mekanik test portundan doğrulayın.
97,3,Yakıtta Su Göstergesi / Sensörü - Voltaj normalin üzerinde veya yüksek kaynağa (+5V / +24V) kısa devre,Yakıt Filtrasyonu & Ön Ayırıcı,65279 (WFI),"Voltage Above Normal, Or Shorted To High Source",MEDIUM,Sensör soketini ayırın; voltaj şasiye göre düşmüyorsa kablo demeti akü besleme hattına ezilmiştir.
97,4,Yakıtta Su Göstergesi / Sensörü - Voltaj normalin altında veya şasiye (GND) kısa devre,Yakıt Filtrasyonu & Ön Ayırıcı,65279 (WFI),"Voltage Below Normal, Or Shorted To Low Source",MEDIUM,Sinyal pini ile şasi arasındaki direnci ölçün (<1.0 Ω ise tesisatta şasi teması vardır).
97,15,Yakıtta Su Göstergesi / Sensörü - Veri normalin üzerinde (Hafif Uyarı Seviyesi),Yakıt Filtrasyonu & Ön Ayırıcı,65279 (WFI),Data Valid But Above Normal - Least Severe Level,LOW,Filtre ve soğutma temizliği yapın; sistem henüz arıza lambası yakmamış olabilir.
98,1,Motor Yağ Seviyesi - Veri geçerli fakat normal çalışma aralığının altında (Kritik Düşük),Motor Yağlama Sistemi (J1939),65263 (EFL_P1),Data Valid But Below Normal Range - Most Severe Level,CRITICAL_STOP,"Sıvı seviyelerini, emiş filtrelerini ve mekanik aşınma belirtilerini kontrol edin."
98,3,Motor Yağ Seviyesi - Voltaj normalin üzerinde veya yüksek kaynağa (+5V / +24V) kısa devre,Motor Yağlama Sistemi (J1939),65263 (EFL_P1),"Voltage Above Normal, Or Shorted To High Source",MEDIUM,Sensör soketini ayırın; voltaj şasiye göre düşmüyorsa kablo demeti akü besleme hattına ezilmiştir.
98,4,Motor Yağ Seviyesi - Voltaj normalin altında veya şasiye (GND) kısa devre,Motor Yağlama Sistemi (J1939),65263 (EFL_P1),"Voltage Below Normal, Or Shorted To Low Source",MEDIUM,Sinyal pini ile şasi arasındaki direnci ölçün (<1.0 Ω ise tesisatta şasi teması vardır).
98,17,Motor Yağ Seviyesi - Veri normalin altında (Hafif Uyarı Seviyesi),Motor Yağlama Sistemi (J1939),65263 (EFL_P1),Data Valid But Below Normal - Least Severe Level,LOW,Sistem basınç regülatörünü ve filtre tıkanıklığını kontrol edin.
105,0,Emme Manifoldu Hava Sıcaklığı - Veri geçerli fakat normal çalışma aralığının üzerinde (Kritik Yüksek),Hava Emiş & Turbo Basıncı,65270 (ET1),Data Valid But Above Normal Range - Most Severe Level,CRITICAL_STOP,Sensör besleme hattını ve fiziksel aşırı basınç/sıcaklık durumunu mekanik test portundan doğrulayın.
105,3,Emme Manifoldu Hava Sıcaklığı - Voltaj normalin üzerinde veya yüksek kaynağa (+5V / +24V) kısa devre,Hava Emiş & Turbo Basıncı,65270 (ET1),"Voltage Above Normal, Or Shorted To High Source",MEDIUM,Sensör soketini ayırın; voltaj şasiye göre düşmüyorsa kablo demeti akü besleme hattına ezilmiştir.
105,4,Emme Manifoldu Hava Sıcaklığı - Voltaj normalin altında veya şasiye (GND) kısa devre,Hava Emiş & Turbo Basıncı,65270 (ET1),"Voltage Below Normal, Or Shorted To Low Source",MEDIUM,Sinyal pini ile şasi arasındaki direnci ölçün (<1.0 Ω ise tesisatta şasi teması vardır).
105,16,Emme Manifoldu Hava Sıcaklığı - Veri normalin üzerinde (Orta Seviye - Derate Başlayabilir),Hava Emiş & Turbo Basıncı,65270 (ET1),Data Valid But Above Normal - Moderate Severity,MEDIUM,Motor tork sınırlandırması (Derate) başlamadan önce ilgili devreyi temizleyin.
111,1,Motor Soğutma Suyu Seviyesi - Veri geçerli fakat normal çalışma aralığının altında (Kritik Düşük),Motor Soğutma & Termal Yönetim,65263 (EFL_P1),Data Valid But Below Normal Range - Most Severe Level,CRITICAL_STOP,"Sıvı seviyelerini, emiş filtrelerini ve mekanik aşınma belirtilerini kontrol edin."
111,3,Motor Soğutma Suyu Seviyesi - Voltaj normalin üzerinde veya yüksek kaynağa (+5V / +24V) kısa devre,Motor Soğutma & Termal Yönetim,65263 (EFL_P1),"Voltage Above Normal, Or Shorted To High Source",MEDIUM,Sensör soketini ayırın; voltaj şasiye göre düşmüyorsa kablo demeti akü besleme hattına ezilmiştir.
111,4,Motor Soğutma Suyu Seviyesi - Voltaj normalin altında veya şasiye (GND) kısa devre,Motor Soğutma & Termal Yönetim,65263 (EFL_P1),"Voltage Below Normal, Or Shorted To Low Source",MEDIUM,Sinyal pini ile şasi arasındaki direnci ölçün (<1.0 Ω ise tesisatta şasi teması vardır).
111,18,Motor Soğutma Suyu Seviyesi - Veri normalin altında (Orta Seviye - Tork Sınırlandırma),Motor Soğutma & Termal Yönetim,65263 (EFL_P1),Data Valid But Below Normal - Moderate Severity,MEDIUM,"Dozaj pompası, hava tahrik valfi veya debi kısıtlamalarını giderin."
171,2,"Dış Ortam Hava Sıcaklığı - Veri tutarsız, kesintili veya yanlış (Sinyal Sıçraması)",Çevre Koşulları & İklimlendirme,65269 (AMB),"Data Erratic, Intermittent Or Incorrect",LOW,"Kablo demetinde titreşim temassızlığı, gevşek klemens veya manyetik relüktör çark diş hasarı arayın."
171,3,Dış Ortam Hava Sıcaklığı - Voltaj normalin üzerinde veya yüksek kaynağa (+5V / +24V) kısa devre,Çevre Koşulları & İklimlendirme,65269 (AMB),"Voltage Above Normal, Or Shorted To High Source",MEDIUM,Sensör soketini ayırın; voltaj şasiye göre düşmüyorsa kablo demeti akü besleme hattına ezilmiştir.
171,4,Dış Ortam Hava Sıcaklığı - Voltaj normalin altında veya şasiye (GND) kısa devre,Çevre Koşulları & İklimlendirme,65269 (AMB),"Voltage Below Normal, Or Shorted To Low Source",MEDIUM,Sinyal pini ile şasi arasındaki direnci ölçün (<1.0 Ω ise tesisatta şasi teması vardır).
513,2,"Gerçekleşen Motor Torku Oranı - Veri tutarsız, kesintili veya yanlış (Sinyal Sıçraması)",Motor Güç Aktarma & Tork Kontrolü,61444 (EEC1),"Data Erratic, Intermittent Or Incorrect",LOW,"Kablo demetinde titreşim temassızlığı, gevşek klemens veya manyetik relüktör çark diş hasarı arayın."
513,9,Gerçekleşen Motor Torku Oranı - Anormal veri güncelleme hızı (CAN Zaman Aşımı),Motor Güç Aktarma & Tork Kontrolü,61444 (EEC1),Abnormal Update Rate,LOW,Sensör veya kaynak modülün CAN-Bus hattına bağlı olduğunu ve adres aldığını (Address Claim) doğrulayın.
513,19,Gerçekleşen Motor Torku Oranı - Ağdan hatalı veri alındı (CAN Mesaj Bozulması),Motor Güç Aktarma & Tork Kontrolü,61444 (EEC1),Received Network Data In Error,LOW,Veri yolunda 120Ω hat sonlandırma direncini ve CAN-H/CAN-L sinyal gürültüsünü test edin.
524,2,"Şanzıman Seçilen Vites Pozisyonu - Veri tutarsız, kesintili veya yanlış (Sinyal Sıçraması)",Otomatik / Robotize Şanzıman (TCU),61445 (ETC2),"Data Erratic, Intermittent Or Incorrect",LOW,"Kablo demetinde titreşim temassızlığı, gevşek klemens veya manyetik relüktör çark diş hasarı arayın."
524,7,Şanzıman Seçilen Vites Pozisyonu - Mekanik sistem yanıt vermiyor veya kalibrasyon dışı (Mekanik Sıkışma),Otomatik / Robotize Şanzıman (TCU),61445 (ETC2),Mechanical System Not Responding Or Out Of Adjustment,CRITICAL_STOP,"Aktüatör itici kollarını, kurum birikmesini ve hava/yağ tahrik hatlarını mekanik olarak inceleyin."
524,9,Şanzıman Seçilen Vites Pozisyonu - Anormal veri güncelleme hızı (CAN Zaman Aşımı),Otomatik / Robotize Şanzıman (TCU),61445 (ETC2),Abnormal Update Rate,LOW,Sensör veya kaynak modülün CAN-Bus hattına bağlı olduğunu ve adres aldığını (Address Claim) doğrulayın.
628,2,"ECU Program Belleği / Flash Checksum Hatası - Veri tutarsız, kesintili veya yanlış (Sinyal Sıçraması)",ECU Dahili Donanım & Mikrodenetleyici,65242 (SFT),"Data Erratic, Intermittent Or Incorrect",LOW,"Kablo demetinde titreşim temassızlığı, gevşek klemens veya manyetik relüktör çark diş hasarı arayın."
628,12,"ECU Program Belleği / Flash Checksum Hatası - Arızalı akıllı cihaz, mikrodenetleyici veya dahili bileşen",ECU Dahili Donanım & Mikrodenetleyici,65242 (SFT),Bad Intelligent Device Or Component,LOW,Modülün besleme voltajını teyit edin; düzelmiyorsa dahili ECU/Sensör arızasıdır.
629,12,"Ana Motor Beyni (ECU #1) Dahili Donanım Arızası - Arızalı akıllı cihaz, mikrodenetleyici veya dahili bileşen",ECU Dahili Donanım & Mikrodenetleyici,65242 (SFT),Bad Intelligent Device Or Component,LOW,Modülün besleme voltajını teyit edin; düzelmiyorsa dahili ECU/Sensör arızasıdır.
630,2,"Kalibrasyon Belleği / EEPROM Veri Bozulması - Veri tutarsız, kesintili veya yanlış (Sinyal Sıçraması)",ECU Dahili Donanım & Mikrodenetleyici,65242 (SFT),"Data Erratic, Intermittent Or Incorrect",LOW,"Kablo demetinde titreşim temassızlığı, gevşek klemens veya manyetik relüktör çark diş hasarı arayın."
630,12,"Kalibrasyon Belleği / EEPROM Veri Bozulması - Arızalı akıllı cihaz, mikrodenetleyici veya dahili bileşen",ECU Dahili Donanım & Mikrodenetleyici,65242 (SFT),Bad Intelligent Device Or Component,LOW,Modülün besleme voltajını teyit edin; düzelmiyorsa dahili ECU/Sensör arızasıdır.
639,2,"SAE J1939 Ana CAN Hattı Haberleşme Arızası - Veri tutarsız, kesintili veya yanlış (Sinyal Sıçraması)",CAN-Bus Ağ & İletişim Hattı,65226 (DM1),"Data Erratic, Intermittent Or Incorrect",LOW,"Kablo demetinde titreşim temassızlığı, gevşek klemens veya manyetik relüktör çark diş hasarı arayın."
639,9,SAE J1939 Ana CAN Hattı Haberleşme Arızası - Anormal veri güncelleme hızı (CAN Zaman Aşımı),CAN-Bus Ağ & İletişim Hattı,65226 (DM1),Abnormal Update Rate,LOW,Sensör veya kaynak modülün CAN-Bus hattına bağlı olduğunu ve adres aldığını (Address Claim) doğrulayın.
639,12,"SAE J1939 Ana CAN Hattı Haberleşme Arızası - Arızalı akıllı cihaz, mikrodenetleyici veya dahili bileşen",CAN-Bus Ağ & İletişim Hattı,65226 (DM1),Bad Intelligent Device Or Component,LOW,Modülün besleme voltajını teyit edin; düzelmiyorsa dahili ECU/Sensör arızasıdır.
639,19,SAE J1939 Ana CAN Hattı Haberleşme Arızası - Ağdan hatalı veri alındı (CAN Mesaj Bozulması),CAN-Bus Ağ & İletişim Hattı,65226 (DM1),Received Network Data In Error,LOW,Veri yolunda 120Ω hat sonlandırma direncini ve CAN-H/CAN-L sinyal gürültüsünü test edin.
641,3,Turbo Değişken Geometri (VGT) Akıllı Aktüatörü - Voltaj normalin üzerinde veya yüksek kaynağa (+5V / +24V) kısa devre,Turboşarj Aşırı Besleme & Aktüatör,65174 (VGT1),"Voltage Above Normal, Or Shorted To High Source",MEDIUM,Sensör soketini ayırın; voltaj şasiye göre düşmüyorsa kablo demeti akü besleme hattına ezilmiştir.
641,4,Turbo Değişken Geometri (VGT) Akıllı Aktüatörü - Voltaj normalin altında veya şasiye (GND) kısa devre,Turboşarj Aşırı Besleme & Aktüatör,65174 (VGT1),"Voltage Below Normal, Or Shorted To Low Source",MEDIUM,Sinyal pini ile şasi arasındaki direnci ölçün (<1.0 Ω ise tesisatta şasi teması vardır).
641,7,Turbo Değişken Geometri (VGT) Akıllı Aktüatörü - Mekanik sistem yanıt vermiyor veya kalibrasyon dışı (Mekanik Sıkışma),Turboşarj Aşırı Besleme & Aktüatör,65174 (VGT1),Mechanical System Not Responding Or Out Of Adjustment,CRITICAL_STOP,"Aktüatör itici kollarını, kurum birikmesini ve hava/yağ tahrik hatlarını mekanik olarak inceleyin."
641,9,Turbo Değişken Geometri (VGT) Akıllı Aktüatörü - Anormal veri güncelleme hızı (CAN Zaman Aşımı),Turboşarj Aşırı Besleme & Aktüatör,65174 (VGT1),Abnormal Update Rate,LOW,Sensör veya kaynak modülün CAN-Bus hattına bağlı olduğunu ve adres aldığını (Address Claim) doğrulayın.
641,12,"Turbo Değişken Geometri (VGT) Akıllı Aktüatörü - Arızalı akıllı cihaz, mikrodenetleyici veya dahili bileşen",Turboşarj Aşırı Besleme & Aktüatör,65174 (VGT1),Bad Intelligent Device Or Component,LOW,Modülün besleme voltajını teyit edin; düzelmiyorsa dahili ECU/Sensör arızasıdır.
647,3,Motor Soğutma Fanı Tahrik Kavraması - Voltaj normalin üzerinde veya yüksek kaynağa (+5V / +24V) kısa devre,Motor Soğutma & Termal Yönetim,65213 (FDC),"Voltage Above Normal, Or Shorted To High Source",MEDIUM,Sensör soketini ayırın; voltaj şasiye göre düşmüyorsa kablo demeti akü besleme hattına ezilmiştir.
647,4,Motor Soğutma Fanı Tahrik Kavraması - Voltaj normalin altında veya şasiye (GND) kısa devre,Motor Soğutma & Termal Yönetim,65213 (FDC),"Voltage Below Normal, Or Shorted To Low Source",MEDIUM,Sinyal pini ile şasi arasındaki direnci ölçün (<1.0 Ω ise tesisatta şasi teması vardır).
647,5,Motor Soğutma Fanı Tahrik Kavraması - Akım normalin altında veya açık devre (Kablo Kopuk / Temassız),Motor Soğutma & Termal Yönetim,65213 (FDC),Current Below Normal Or Open Circuit,MEDIUM,Aktüatör/solenoid bobin direncini ölçün ve soket kilit tırnaklarını kontrol edin.
647,7,Motor Soğutma Fanı Tahrik Kavraması - Mekanik sistem yanıt vermiyor veya kalibrasyon dışı (Mekanik Sıkışma),Motor Soğutma & Termal Yönetim,65213 (FDC),Mechanical System Not Responding Or Out Of Adjustment,CRITICAL_STOP,"Aktüatör itici kollarını, kurum birikmesini ve hava/yağ tahrik hatlarını mekanik olarak inceleyin."
1072,3,Motor Kompresyon Freni (Jake Brake) Çıkışı #1 - Voltaj normalin üzerinde veya yüksek kaynağa (+5V / +24V) kısa devre,Motor Freni & Retarder,65214 (EBC1),"Voltage Above Normal, Or Shorted To High Source",MEDIUM,Sensör soketini ayırın; voltaj şasiye göre düşmüyorsa kablo demeti akü besleme hattına ezilmiştir.
1072,4,Motor Kompresyon Freni (Jake Brake) Çıkışı #1 - Voltaj normalin altında veya şasiye (GND) kısa devre,Motor Freni & Retarder,65214 (EBC1),"Voltage Below Normal, Or Shorted To Low Source",MEDIUM,Sinyal pini ile şasi arasındaki direnci ölçün (<1.0 Ω ise tesisatta şasi teması vardır).
1072,5,Motor Kompresyon Freni (Jake Brake) Çıkışı #1 - Akım normalin altında veya açık devre (Kablo Kopuk / Temassız),Motor Freni & Retarder,65214 (EBC1),Current Below Normal Or Open Circuit,MEDIUM,Aktüatör/solenoid bobin direncini ölçün ve soket kilit tırnaklarını kontrol edin.
3216,2,"Katalizör Giriş NOx Sensörü (SCR Öncesi) - Veri tutarsız, kesintili veya yanlış (Sinyal Sıçraması)",SCR & DEF Dozaj Emisyon Sistemi,61454 (AT1IG1),"Data Erratic, Intermittent Or Incorrect",LOW,"Kablo demetinde titreşim temassızlığı, gevşek klemens veya manyetik relüktör çark diş hasarı arayın."
3216,3,Katalizör Giriş NOx Sensörü (SCR Öncesi) - Voltaj normalin üzerinde veya yüksek kaynağa (+5V / +24V) kısa devre,SCR & DEF Dozaj Emisyon Sistemi,61454 (AT1IG1),"Voltage Above Normal, Or Shorted To High Source",MEDIUM,Sensör soketini ayırın; voltaj şasiye göre düşmüyorsa kablo demeti akü besleme hattına ezilmiştir.
3216,4,Katalizör Giriş NOx Sensörü (SCR Öncesi) - Voltaj normalin altında veya şasiye (GND) kısa devre,SCR & DEF Dozaj Emisyon Sistemi,61454 (AT1IG1),"Voltage Below Normal, Or Shorted To Low Source",MEDIUM,Sinyal pini ile şasi arasındaki direnci ölçün (<1.0 Ω ise tesisatta şasi teması vardır).
3216,9,Katalizör Giriş NOx Sensörü (SCR Öncesi) - Anormal veri güncelleme hızı (CAN Zaman Aşımı),SCR & DEF Dozaj Emisyon Sistemi,61454 (AT1IG1),Abnormal Update Rate,LOW,Sensör veya kaynak modülün CAN-Bus hattına bağlı olduğunu ve adres aldığını (Address Claim) doğrulayın.
3216,10,Katalizör Giriş NOx Sensörü (SCR Öncesi) - Anormal değişim hızı (Fiziksel Olarak İmkansız Sıçrama),SCR & DEF Dozaj Emisyon Sistemi,61454 (AT1IG1),Abnormal Rate Of Change,LOW,Sensör içindeki elemanın gevşediğini veya soket pini korozyonunu inceleyin.
3216,19,Katalizör Giriş NOx Sensörü (SCR Öncesi) - Ağdan hatalı veri alındı (CAN Mesaj Bozulması),SCR & DEF Dozaj Emisyon Sistemi,61454 (AT1IG1),Received Network Data In Error,LOW,Veri yolunda 120Ω hat sonlandırma direncini ve CAN-H/CAN-L sinyal gürültüsünü test edin.
3226,2,"Katalizör Çıkış NOx Sensörü (SCR Sonrası) - Veri tutarsız, kesintili veya yanlış (Sinyal Sıçraması)",SCR & DEF Dozaj Emisyon Sistemi,61455 (AT1OG1),"Data Erratic, Intermittent Or Incorrect",LOW,"Kablo demetinde titreşim temassızlığı, gevşek klemens veya manyetik relüktör çark diş hasarı arayın."
3226,3,Katalizör Çıkış NOx Sensörü (SCR Sonrası) - Voltaj normalin üzerinde veya yüksek kaynağa (+5V / +24V) kısa devre,SCR & DEF Dozaj Emisyon Sistemi,61455 (AT1OG1),"Voltage Above Normal, Or Shorted To High Source",MEDIUM,Sensör soketini ayırın; voltaj şasiye göre düşmüyorsa kablo demeti akü besleme hattına ezilmiştir.
3226,4,Katalizör Çıkış NOx Sensörü (SCR Sonrası) - Voltaj normalin altında veya şasiye (GND) kısa devre,SCR & DEF Dozaj Emisyon Sistemi,61455 (AT1OG1),"Voltage Below Normal, Or Shorted To Low Source",MEDIUM,Sinyal pini ile şasi arasındaki direnci ölçün (<1.0 Ω ise tesisatta şasi teması vardır).
3226,9,Katalizör Çıkış NOx Sensörü (SCR Sonrası) - Anormal veri güncelleme hızı (CAN Zaman Aşımı),SCR & DEF Dozaj Emisyon Sistemi,61455 (AT1OG1),Abnormal Update Rate,LOW,Sensör veya kaynak modülün CAN-Bus hattına bağlı olduğunu ve adres aldığını (Address Claim) doğrulayın.
3226,10,Katalizör Çıkış NOx Sensörü (SCR Sonrası) - Anormal değişim hızı (Fiziksel Olarak İmkansız Sıçrama),SCR & DEF Dozaj Emisyon Sistemi,61455 (AT1OG1),Abnormal Rate Of Change,LOW,Sensör içindeki elemanın gevşediğini veya soket pini korozyonunu inceleyin.
3226,19,Katalizör Çıkış NOx Sensörü (SCR Sonrası) - Ağdan hatalı veri alındı (CAN Mesaj Bozulması),SCR & DEF Dozaj Emisyon Sistemi,61455 (AT1OG1),Received Network Data In Error,LOW,Veri yolunda 120Ω hat sonlandırma direncini ve CAN-H/CAN-L sinyal gürültüsünü test edin.
3556,3,DPF Hidrokarbon / Dizel Enjektörü (7. Enjektör) - Voltaj normalin üzerinde veya yüksek kaynağa (+5V / +24V) kısa devre,Egzoz & DPF Rejenerasyon Dozajı,64835 (HCD1),"Voltage Above Normal, Or Shorted To High Source",MEDIUM,Sensör soketini ayırın; voltaj şasiye göre düşmüyorsa kablo demeti akü besleme hattına ezilmiştir.
3556,4,DPF Hidrokarbon / Dizel Enjektörü (7. Enjektör) - Voltaj normalin altında veya şasiye (GND) kısa devre,Egzoz & DPF Rejenerasyon Dozajı,64835 (HCD1),"Voltage Below Normal, Or Shorted To Low Source",MEDIUM,Sinyal pini ile şasi arasındaki direnci ölçün (<1.0 Ω ise tesisatta şasi teması vardır).
3556,5,DPF Hidrokarbon / Dizel Enjektörü (7. Enjektör) - Akım normalin altında veya açık devre (Kablo Kopuk / Temassız),Egzoz & DPF Rejenerasyon Dozajı,64835 (HCD1),Current Below Normal Or Open Circuit,MEDIUM,Aktüatör/solenoid bobin direncini ölçün ve soket kilit tırnaklarını kontrol edin.
3556,7,DPF Hidrokarbon / Dizel Enjektörü (7. Enjektör) - Mekanik sistem yanıt vermiyor veya kalibrasyon dışı (Mekanik Sıkışma),Egzoz & DPF Rejenerasyon Dozajı,64835 (HCD1),Mechanical System Not Responding Or Out Of Adjustment,CRITICAL_STOP,"Aktüatör itici kollarını, kurum birikmesini ve hava/yağ tahrik hatlarını mekanik olarak inceleyin."
5246,0,EPA/Euro Yasal Emisyon İhlali - Ağır Tork Düşürme (Derate) - Veri geçerli fakat normal çalışma aralığının üzerinde (Kritik Yüksek),SCR & DEF Dozaj Emisyon Sistemi,64964 (EER),Data Valid But Above Normal Range - Most Severe Level,CRITICAL_STOP,Sensör besleme hattını ve fiziksel aşırı basınç/sıcaklık durumunu mekanik test portundan doğrulayın.
5246,15,EPA/Euro Yasal Emisyon İhlali - Ağır Tork Düşürme (Derate) - Veri normalin üzerinde (Hafif Uyarı Seviyesi),SCR & DEF Dozaj Emisyon Sistemi,64964 (EER),Data Valid But Above Normal - Least Severe Level,LOW,Filtre ve soğutma temizliği yapın; sistem henüz arıza lambası yakmamış olabilir.
5246,16,EPA/Euro Yasal Emisyon İhlali - Ağır Tork Düşürme (Derate) - Veri normalin üzerinde (Orta Seviye - Derate Başlayabilir),SCR & DEF Dozaj Emisyon Sistemi,64964 (EER),Data Valid But Above Normal - Moderate Severity,MEDIUM,Motor tork sınırlandırması (Derate) başlamadan önce ilgili devreyi temizleyin.
1714,2,"Retarder Fren Torku Limiti - Veri tutarsız, kesintili veya yanlış (Sinyal Sıçraması)",Hidrolik & Elektromanyetik Retarder,61440 (ERC1),"Data Erratic, Intermittent Or Incorrect",LOW,"Kablo demetinde titreşim temassızlığı, gevşek klemens veya manyetik relüktör çark diş hasarı arayın."
1714,7,Retarder Fren Torku Limiti - Mekanik sistem yanıt vermiyor veya kalibrasyon dışı (Mekanik Sıkışma),Hidrolik & Elektromanyetik Retarder,61440 (ERC1),Mechanical System Not Responding Or Out Of Adjustment,CRITICAL_STOP,"Aktüatör itici kollarını, kurum birikmesini ve hava/yağ tahrik hatlarını mekanik olarak inceleyin."
1714,11,Retarder Fren Torku Limiti - Kök neden bilinmiyor (Genel Arıza Modu),Hidrolik & Elektromanyetik Retarder,61440 (ERC1),Root Cause Not Known,LOW,Öncelikli olarak Freeze Frame (DM4) verilerini ve motor çalışma koşullarını okuyun.
